{
    "AL": {
        "level": 3,
        "latLng": [41.05913950288564, 19.914693938740257]
    },
    "AT": {
        "level": 3,
        "latLng": [47.75725349852409, 14.021612148572235]
    },
    "BA": {
        "level": 3,
        "latLng": [44.54779122721285, 17.599049581003207]
    },
    "BE": {
        "level": 3,
        "latLng": [50.764355617721115, 4.620671604560334]
    },
    "BG": {
        "level": 3,
        "latLng": [42.887284630893966, 25.317864227804186]
    },
    "CH": {
        "level": 3,
        "latLng": [47.29880632225929, 7.541809651403532]
    },
    "CZ": {
        "level": 3,
        "latLng": [50.138726086732795, 13.970703137496374]
    },
    "DE": {
        "level": 1,
        "latLng": [51.690108147530445, 9.26855471933056]
    },
    "DK": {
        "level": 2,
        "latLng": [56.39608399085681, 8.785413878714438]
    },
    "EE": {
        "level": 3,
        "latLng": [59.128443346674366, 24.647237193511984]
    },
    "ES": {
        "level": 1,
        "latLng": [41.00126681961557, -5.145507722177399]
    },
    "FI": {
        "level": 1,
        "latLng": [63.434057380591874, 25.614057091005172]
    },
    "FR": {
        "level": 1,
        "latLng": [47.593220875456154, 1.6398763530686162]
    },
    "GR": {
        "level": 2,
        "latLng": [40.67778416687951, 21.796261929749157]
    },
    "HR": {
        "level": 3,
        "latLng": [45.980170957838794, 15.974390670217975]
    },
    "HU": {
        "level": 3,
        "latLng": [47.19968827248031, 18.9145748778073]
    },
    "IT": {
        "level": 2,
        "latLng": [45.95091627140788, 10.261254522818456]
    },
    "LT": {
        "level": 3,
        "latLng": [56.09392517760787, 22.36208095623828]
    },
    "LU": {
        "level": 3,
        "latLng": [49.78995158490153, 5.940782950129069]
    },
    "LV": {
        "level": 3,
        "latLng": [57.30024204058106, 24.779073130277776]
    },
    "ME": {
        "level": 3,
        "latLng": [43.163823668445055, 18.90603720378989]
    },
    "MK": {
        "level": 3,
        "latLng": [41.65607167001641, 21.65717313219863]
    },
    "NL": {
        "level": 3,
        "latLng": [52.35176843575494, 5.316099202859333]
    },
    "NO": {
        "level": 2,
        "latLng": [61.865771894225055, 7.8710721258875465]
    },
    "PL": {
        "level": 1,
        "latLng": [52.89742063345616, 18.03830780632493]
    },
    "PT": {
        "level": 3,
        "latLng": [39.726931254960135, -8.670319183921162]
    },
    "RO": {
        "level": 1,
        "latLng": [45.82498696993129, 24.59426473892582]
    },
    "RS": {
        "level": 3,
        "latLng": [44.100286502330306, 20.573602401944118]
    },
    "SE": {
        "level": 1,
        "latLng": [62.476319594719996, 13.43489975714593]
    },
    "SI": {
        "level": 3,
        "latLng": [46.26654677615794, 14.378670033619324]
    },
    "SK": {
        "level": 3,
        "latLng": [48.81829017532044, 19.03427440618709]
    }
}